,GM,KI,MK,HB,DI,GL,BH,HO,TK,RB,IF,CL,CG,FF,FA,BR,CP,UP,CM,MI,1%,BO,GA
0,1,14.956521739130435,3.5652173913043477,17.782608695652176,32.73913043478261,0.21739130434782608,0.34782608695652173,0.0,5.478260869565218,1.826086956521739,5.391304347826087,8.652173913043478,4.913043478260869,1.565217391304348,1.173913043478261,1.0869565217391304,17.782608695652176,15.565217391304348,0.043478260869565216,0.043478260869565216,1.7391304347826086,0.13043478260869565,0.8260869565217391
1,1,13.84,3.84,16.12,29.96,0.44,0.32,0.0,4.52,1.56,4.4,7.64,3.44,1.76,0.92,1.12,16.0,14.0,0.28,0.28,0.96,0.52,0.56
2,1,14.869565217391305,4.173913043478261,15.782608695652174,30.652173913043477,0.17391304347826086,0.17391304347826086,0.0,3.782608695652174,1.7391304347826086,5.260869565217392,6.391304347826087,3.4782608695652173,1.391304347826087,0.7391304347826086,0.4782608695652174,11.608695652173912,20.0,0.08695652173913043,0.13043478260869565,2.1739130434782608,0.17391304347826086,0.782608695652174
3,1,14.75,4.666666666666667,14.583333333333334,29.333333333333332,0.5,0.5,0.0,6.208333333333333,2.125,4.333333333333333,3.875,4.0,1.4583333333333333,1.2916666666666667,1.0416666666666667,9.041666666666666,19.708333333333332,0.041666666666666664,0.20833333333333334,1.8333333333333333,0.16666666666666666,0.4583333333333333
4,1,14.875,4.166666666666667,13.166666666666666,28.041666666666668,0.7916666666666666,1.2916666666666667,0.0,3.125,1.4583333333333333,6.5,4.625,4.291666666666667,0.6666666666666666,0.7083333333333334,1.0,12.708333333333334,15.666666666666666,0.16666666666666666,0.7916666666666666,0.6666666666666666,0.0,1.1666666666666667
5,1,14.2,2.65,18.75,32.95,0.35,0.4,0.0,8.1,2.0,4.65,7.5,4.8,1.75,1.45,0.5,15.0,18.05,0.0,0.2,0.7,0.1,0.4
6,1,14.44,4.08,11.32,25.76,0.28,0.28,0.0,2.16,4.12,2.76,1.6,3.52,1.12,0.72,0.44,6.36,16.96,0.0,0.08,0.52,0.8,0.28
7,1,11.375,2.625,15.416666666666666,26.791666666666668,0.25,0.2916666666666667,0.0,5.291666666666667,0.9583333333333334,3.7916666666666665,5.708333333333333,3.75,1.5416666666666667,1.0416666666666667,0.4583333333333333,11.958333333333334,14.625,0.08333333333333333,0.08333333333333333,1.0,0.20833333333333334,0.4166666666666667
8,1,14.3,4.55,17.8,32.1,0.25,0.35,0.0,3.3,2.4,4.65,4.4,4.15,0.8,1.55,0.7,11.45,21.3,0.0,0.1,0.6,0.55,0.35
9,1,16.954545454545453,3.772727272727273,11.5,28.454545454545453,0.36363636363636365,0.5,0.0,6.045454545454546,2.3181818181818183,5.545454545454546,7.909090909090909,4.363636363636363,1.3181818181818181,1.1818181818181819,1.2272727272727273,15.181818181818182,13.318181818181818,0.13636363636363635,0.13636363636363635,0.9545454545454546,0.13636363636363635,0.6818181818181818
10,1,19.272727272727273,7.2727272727272725,9.136363636363637,28.40909090909091,0.13636363636363635,0.045454545454545456,0.0,3.3181818181818183,5.363636363636363,2.9545454545454546,1.4090909090909092,3.772727272727273,0.9545454545454546,0.9090909090909091,0.4090909090909091,6.5,19.5,0.22727272727272727,0.045454545454545456,2.227272727272727,0.7272727272727273,0.3181818181818182
11,1,12.64,3.6,11.88,24.52,0.48,0.48,0.0,4.96,1.08,2.92,4.32,3.04,1.04,0.88,0.52,9.8,14.28,0.12,0.28,1.16,0.28,0.32
12,1,16.708333333333332,7.083333333333333,8.791666666666666,25.5,0.08333333333333333,0.041666666666666664,0.0,2.25,3.5833333333333335,2.9583333333333335,1.875,3.0833333333333335,0.5833333333333334,0.5833333333333334,0.2916666666666667,7.75,17.833333333333332,0.5,0.0,1.5,0.16666666666666666,0.125
13,1,12.8,4.12,11.64,24.44,0.56,0.4,0.0,6.0,1.72,3.8,6.0,4.0,0.92,1.16,0.64,11.76,12.12,0.36,0.64,1.08,0.0,0.32
14,1,14.4,6.6,10.0,24.4,0.4,0.12,0.0,6.32,2.44,4.24,3.76,2.96,1.4,0.92,0.84,9.72,14.96,0.36,0.28,1.84,0.08,0.64
15,1,19.454545454545453,5.7727272727272725,8.227272727272727,27.681818181818183,0.18181818181818182,0.09090909090909091,0.0,2.5,4.863636363636363,3.090909090909091,1.7272727272727273,2.5454545454545454,0.6818181818181818,0.36363636363636365,0.4090909090909091,8.045454545454545,16.09090909090909,0.22727272727272727,0.045454545454545456,2.772727272727273,1.0909090909090908,0.36363636363636365
16,1,18.043478260869566,4.913043478260869,7.913043478260869,25.956521739130434,0.30434782608695654,0.13043478260869565,0.0,1.1304347826086956,6.304347826086956,2.782608695652174,1.173913043478261,2.9130434782608696,0.5217391304347826,0.9130434782608695,0.13043478260869565,5.0,15.73913043478261,0.2608695652173913,0.043478260869565216,2.4347826086956523,0.8695652173913043,0.34782608695652173
17,1,12.571428571428571,4.0,15.80952380952381,28.38095238095238,0.2857142857142857,0.5238095238095238,0.14285714285714285,4.0,1.4761904761904763,4.571428571428571,5.0476190476190474,3.857142857142857,1.0476190476190477,1.0,0.6190476190476191,12.238095238095237,15.761904761904763,0.23809523809523808,0.38095238095238093,1.380952380952381,0.047619047619047616,0.6666666666666666
18,1,13.5,4.090909090909091,13.545454545454545,27.045454545454547,0.6818181818181818,0.5454545454545454,0.0,3.1818181818181817,2.227272727272727,3.272727272727273,3.227272727272727,3.409090909090909,0.8181818181818182,0.6818181818181818,0.2727272727272727,8.545454545454545,17.59090909090909,0.09090909090909091,0.36363636363636365,0.7727272727272727,1.3636363636363635,0.3181818181818182
19,1,12.6,4.04,11.2,23.8,0.48,0.32,0.0,5.48,1.92,5.64,4.2,4.32,0.76,1.0,0.44,9.64,13.84,0.08,0.2,2.08,0.56,0.48
20,1,14.208333333333334,5.291666666666667,10.458333333333334,24.666666666666668,0.8333333333333334,0.75,0.0,4.833333333333333,1.5416666666666667,4.375,3.6666666666666665,4.0,1.4166666666666667,1.2083333333333333,0.5833333333333334,9.0,16.041666666666668,0.125,0.4583333333333333,0.9583333333333334,0.4583333333333333,0.7916666666666666
21,1,10.761904761904763,3.619047619047619,17.38095238095238,28.142857142857142,0.9523809523809523,0.42857142857142855,0.5238095238095238,5.0,0.7619047619047619,4.476190476190476,7.666666666666667,5.0476190476190474,2.2857142857142856,1.6666666666666667,1.380952380952381,15.333333333333334,13.095238095238095,0.42857142857142855,0.7619047619047619,1.2380952380952381,0.3333333333333333,0.5238095238095238
22,1,11.380952380952381,3.857142857142857,16.666666666666668,28.047619047619047,0.23809523809523808,0.3333333333333333,0.0,4.571428571428571,1.9523809523809523,3.238095238095238,5.0476190476190474,4.190476190476191,1.4761904761904763,1.4285714285714286,0.42857142857142855,13.0,15.523809523809524,0.047619047619047616,0.3333333333333333,1.1428571428571428,0.2857142857142857,0.5238095238095238
23,1,14.318181818181818,3.3181818181818183,12.318181818181818,26.636363636363637,0.45454545454545453,0.5454545454545454,0.0,4.818181818181818,1.6818181818181819,4.318181818181818,5.545454545454546,4.5,1.2727272727272727,1.3636363636363635,0.5,11.409090909090908,14.863636363636363,0.045454545454545456,0.18181818181818182,0.8636363636363636,0.13636363636363635,0.5909090909090909
24,1,11.826086956521738,6.173913043478261,13.565217391304348,25.391304347826086,0.782608695652174,0.4782608695652174,0.08695652173913043,6.086956521739131,1.391304347826087,2.6956521739130435,4.391304347826087,3.0869565217391304,1.9565217391304348,0.9565217391304348,0.6086956521739131,11.304347826086957,14.565217391304348,0.5652173913043478,0.8260869565217391,1.6956521739130435,0.17391304347826086,0.5652173913043478
25,1,12.363636363636363,2.590909090909091,14.045454545454545,26.40909090909091,0.22727272727272727,0.4090909090909091,0.0,4.363636363636363,1.5,3.590909090909091,5.545454545454546,3.409090909090909,1.4545454545454546,1.0,0.22727272727272727,11.636363636363637,14.909090909090908,0.045454545454545456,0.0,0.6818181818181818,0.0,0.3181818181818182
26,1,15.631578947368421,3.9473684210526314,14.473684210526315,30.105263157894736,0.3157894736842105,0.3157894736842105,0.0,4.315789473684211,2.1578947368421053,5.526315789473684,4.631578947368421,3.9473684210526314,1.894736842105263,0.631578947368421,0.8947368421052632,9.473684210526315,20.736842105263158,0.0,0.0,1.6842105263157894,0.3157894736842105,0.8421052631578947
27,1,12.857142857142858,3.4761904761904763,14.333333333333334,27.19047619047619,0.3333333333333333,0.14285714285714285,0.0,7.095238095238095,1.380952380952381,3.142857142857143,5.857142857142857,4.380952380952381,1.4761904761904763,1.1428571428571428,0.47619047619047616,11.952380952380953,14.285714285714286,0.047619047619047616,0.047619047619047616,0.5714285714285714,0.047619047619047616,0.5714285714285714
28,1,16.041666666666668,5.958333333333333,7.708333333333333,23.75,0.08333333333333333,0.0,0.0,2.3333333333333335,5.458333333333333,1.5416666666666667,0.8333333333333334,2.2916666666666665,0.7083333333333334,0.5833333333333334,0.041666666666666664,4.875,14.208333333333334,0.08333333333333333,0.0,1.9583333333333333,0.5,0.08333333333333333
29,1,11.636363636363637,2.8181818181818183,14.045454545454545,25.681818181818183,0.36363636363636365,0.13636363636363635,0.0,5.7272727272727275,1.6363636363636365,4.136363636363637,4.909090909090909,5.090909090909091,1.8181818181818181,0.9090909090909091,0.3181818181818182,12.727272727272727,13.409090909090908,0.045454545454545456,0.18181818181818182,2.0,0.18181818181818182,0.4090909090909091
30,1,11.904761904761905,4.095238095238095,14.857142857142858,26.761904761904763,0.47619047619047616,0.47619047619047616,0.0,4.0476190476190474,0.9523809523809523,5.0,5.857142857142857,3.4761904761904763,0.8095238095238095,1.0,0.47619047619047616,11.666666666666666,15.761904761904763,0.09523809523809523,0.38095238095238093,1.9047619047619047,0.047619047619047616,0.7619047619047619
31,1,14.047619047619047,4.428571428571429,12.619047619047619,26.666666666666668,0.42857142857142855,0.42857142857142855,0.0,4.809523809523809,2.3333333333333335,4.238095238095238,3.761904761904762,3.142857142857143,0.9523809523809523,0.8095238095238095,0.6190476190476191,9.238095238095237,17.428571428571427,0.14285714285714285,0.09523809523809523,1.1428571428571428,0.19047619047619047,0.5714285714285714
32,1,15.428571428571429,3.380952380952381,11.19047619047619,26.61904761904762,0.3333333333333333,0.23809523809523808,0.0,4.523809523809524,1.8571428571428572,4.666666666666667,5.285714285714286,5.142857142857143,1.0952380952380953,1.5714285714285714,0.2857142857142857,10.571428571428571,16.095238095238095,0.047619047619047616,0.2857142857142857,0.9523809523809523,0.3333333333333333,0.5714285714285714
33,1,19.304347826086957,5.521739130434782,5.0,24.304347826086957,0.2608695652173913,0.17391304347826086,0.0,2.9130434782608696,3.4347826086956523,4.913043478260869,2.5217391304347827,3.347826086956522,0.6086956521739131,0.4782608695652174,0.2608695652173913,6.086956521739131,16.130434782608695,0.08695652173913043,0.08695652173913043,1.2608695652173914,0.782608695652174,0.43478260869565216
34,1,11.416666666666666,3.0833333333333335,11.708333333333334,23.125,0.08333333333333333,0.041666666666666664,0.0,4.666666666666667,2.0833333333333335,3.1666666666666665,3.4166666666666665,2.9583333333333335,1.4583333333333333,0.4583333333333333,0.08333333333333333,9.166666666666666,13.291666666666666,0.041666666666666664,0.08333333333333333,2.375,0.125,0.8333333333333334
35,1,10.92,3.44,11.12,22.04,0.36,0.16,0.0,3.68,1.72,3.2,3.16,3.12,0.68,1.0,0.16,8.04,13.84,0.16,0.24,1.08,0.08,0.88
36,1,18.238095238095237,4.380952380952381,7.904761904761905,26.142857142857142,0.5238095238095238,0.3333333333333333,0.0,3.380952380952381,2.0952380952380953,6.0,5.571428571428571,4.666666666666667,0.8571428571428571,1.0952380952380953,0.6666666666666666,10.523809523809524,15.476190476190476,0.0,0.23809523809523808,1.5238095238095237,1.0,0.5714285714285714
37,1,13.625,3.3333333333333335,9.166666666666666,22.791666666666668,0.8333333333333334,1.0,0.0,4.041666666666667,2.125,5.583333333333333,4.041666666666667,4.5,1.0,1.4166666666666667,0.5,9.875,13.291666666666666,0.16666666666666666,0.3333333333333333,0.7083333333333334,0.7916666666666666,1.0
38,1,11.545454545454545,3.090909090909091,13.181818181818182,24.727272727272727,0.4090909090909091,0.36363636363636365,0.0,4.7272727272727275,1.3181818181818181,3.8636363636363638,7.2272727272727275,2.8636363636363638,1.0,0.8181818181818182,0.3181818181818182,13.136363636363637,12.181818181818182,0.13636363636363635,0.2727272727272727,1.7727272727272727,0.09090909090909091,0.5909090909090909
39,1,18.545454545454547,6.636363636363637,6.045454545454546,24.59090909090909,0.45454545454545453,0.2727272727272727,0.0,2.9545454545454546,6.818181818181818,3.6818181818181817,0.6818181818181818,3.4545454545454546,0.5,0.7272727272727273,0.36363636363636365,5.590909090909091,16.136363636363637,0.7727272727272727,0.2727272727272727,3.4545454545454546,0.4090909090909091,0.4090909090909091
40,1,14.0,4.333333333333333,11.761904761904763,25.761904761904763,0.14285714285714285,0.14285714285714285,0.0,3.380952380952381,1.8095238095238095,4.095238095238095,3.9523809523809526,3.6666666666666665,0.8571428571428571,1.2380952380952381,0.047619047619047616,9.523809523809524,16.571428571428573,0.0,0.09523809523809523,1.4761904761904763,0.7619047619047619,0.38095238095238093
41,1,12.56,4.04,8.52,21.08,0.6,0.44,0.0,2.6,1.72,3.76,2.28,3.48,0.84,1.16,0.16,6.32,14.32,0.0,0.36,0.28,0.72,0.32
42,1,19.0,8.636363636363637,4.818181818181818,23.818181818181817,0.045454545454545456,0.13636363636363635,0.0,1.4545454545454546,8.136363636363637,1.6363636363636365,0.2727272727272727,3.727272727272727,1.1818181818181819,1.1818181818181819,0.3181818181818182,6.7727272727272725,13.954545454545455,1.4545454545454546,0.045454545454545456,7.318181818181818,0.5,0.045454545454545456
43,1,13.476190476190476,3.7142857142857144,11.428571428571429,24.904761904761905,0.8095238095238095,0.5238095238095238,0.0,5.238095238095238,0.7619047619047619,3.238095238095238,4.476190476190476,3.9523809523809526,0.9047619047619048,1.0952380952380953,0.19047619047619047,9.571428571428571,15.142857142857142,0.23809523809523808,0.38095238095238093,1.0,0.6666666666666666,0.7619047619047619
44,1,12.714285714285714,4.285714285714286,12.142857142857142,24.857142857142858,0.42857142857142855,0.3333333333333333,0.0,4.380952380952381,2.0476190476190474,4.9523809523809526,5.285714285714286,3.4761904761904763,1.2380952380952381,1.2857142857142858,0.38095238095238093,11.476190476190476,14.476190476190476,0.19047619047619047,0.09523809523809523,0.6666666666666666,0.47619047619047616,0.38095238095238093
45,1,14.625,5.0,7.041666666666667,21.666666666666668,0.375,0.25,0.0,1.8333333333333333,3.7916666666666665,2.5,1.0416666666666667,1.9583333333333333,0.625,0.4166666666666667,0.20833333333333334,5.458333333333333,14.0,0.25,0.25,1.0833333333333333,0.9166666666666666,0.3333333333333333
46,1,15.545454545454545,5.818181818181818,8.090909090909092,23.636363636363637,0.36363636363636365,0.6818181818181818,0.0,3.6818181818181817,2.3636363636363638,4.090909090909091,1.7727272727272727,3.227272727272727,0.8181818181818182,0.6818181818181818,0.6818181818181818,5.409090909090909,17.954545454545453,0.09090909090909091,0.36363636363636365,1.5,0.3181818181818182,0.45454545454545453
47,1,16.791666666666668,6.958333333333333,4.833333333333333,21.625,0.0,0.041666666666666664,0.0,1.875,6.75,1.2083333333333333,0.5416666666666666,2.2916666666666665,0.8333333333333334,0.8333333333333334,0.125,4.958333333333333,11.958333333333334,0.5833333333333334,0.0,3.9583333333333335,0.3333333333333333,0.041666666666666664
48,1,13.045454545454545,5.2727272727272725,10.454545454545455,23.5,1.0909090909090908,0.9545454545454546,0.045454545454545456,5.2272727272727275,1.4545454545454546,5.590909090909091,5.181818181818182,3.5,1.1363636363636365,0.9545454545454546,0.45454545454545453,11.272727272727273,13.409090909090908,0.9090909090909091,0.9545454545454546,3.227272727272727,0.5,1.0909090909090908
49,1,14.125,6.708333333333333,7.416666666666667,21.541666666666668,0.625,0.9166666666666666,0.0,1.2916666666666667,2.1666666666666665,5.125,0.75,2.875,0.2916666666666667,0.4583333333333333,0.20833333333333334,3.9583333333333335,15.875,0.16666666666666666,0.4583333333333333,1.0833333333333333,0.7083333333333334,0.5
50,1,15.545454545454545,8.363636363636363,7.863636363636363,23.40909090909091,0.4090909090909091,0.3181818181818182,0.0,1.5909090909090908,3.4545454545454546,3.0454545454545454,1.5454545454545454,3.0,0.6363636363636364,0.7727272727272727,0.18181818181818182,4.590909090909091,17.363636363636363,0.22727272727272727,0.5909090909090909,1.2272727272727273,0.3181818181818182,0.5454545454545454
51,1,10.571428571428571,2.761904761904762,13.761904761904763,24.333333333333332,0.47619047619047616,0.42857142857142855,0.2857142857142857,4.238095238095238,1.8095238095238095,3.2857142857142856,5.0,4.333333333333333,0.9523809523809523,1.380952380952381,0.19047619047619047,12.142857142857142,12.714285714285714,0.19047619047619047,0.2857142857142857,0.9523809523809523,0.19047619047619047,0.5714285714285714
52,1,11.272727272727273,4.045454545454546,11.909090909090908,23.181818181818183,0.8181818181818182,0.6363636363636364,0.0,3.8181818181818183,1.4090909090909092,4.090909090909091,3.1818181818181817,4.181818181818182,1.3181818181818181,1.2727272727272727,0.6363636363636364,8.181818181818182,14.909090909090908,0.13636363636363635,0.5454545454545454,1.2272727272727273,0.13636363636363635,0.5454545454545454
54,1,12.166666666666666,5.0,8.958333333333334,21.125,0.125,0.16666666666666666,0.0,2.75,3.3333333333333335,2.875,1.125,2.8333333333333335,0.8333333333333334,0.7916666666666666,0.041666666666666664,5.625,15.375,0.25,0.0,2.7083333333333335,0.2916666666666667,0.25
55,1,13.909090909090908,7.454545454545454,8.909090909090908,22.818181818181817,0.045454545454545456,0.045454545454545456,0.0,2.272727272727273,4.318181818181818,2.5,0.8636363636363636,2.5454545454545454,0.5,0.7272727272727273,0.22727272727272727,6.181818181818182,15.954545454545455,0.8181818181818182,0.0,2.272727272727273,0.13636363636363635,0.13636363636363635
56,1,13.8125,3.6875,17.5,31.3125,0.1875,0.375,0.0,3.25,1.375,4.75,6.125,3.5625,0.875,0.875,0.375,13.0625,18.125,0.125,0.3125,0.625,0.1875,0.75
57,1,12.090909090909092,4.2727272727272725,10.454545454545455,22.545454545454547,0.36363636363636365,0.2727272727272727,0.0,4.590909090909091,2.3181818181818183,4.090909090909091,3.8636363636363638,4.863636363636363,1.3181818181818181,1.5909090909090908,0.5,9.136363636363637,13.818181818181818,0.2727272727272727,0.2727272727272727,1.0454545454545454,0.8181818181818182,0.7272727272727273
58,1,16.764705882352942,3.7058823529411766,12.352941176470589,29.11764705882353,0.35294117647058826,0.5882352941176471,0.0,3.823529411764706,1.9411764705882353,6.176470588235294,3.7058823529411766,4.588235294117647,1.2941176470588236,0.35294117647058826,0.5882352941176471,8.588235294117647,20.705882352941178,0.058823529411764705,0.11764705882352941,0.5882352941176471,0.35294117647058826,0.9411764705882353
59,1,18.0,5.809523809523809,5.523809523809524,23.523809523809526,0.0,0.09523809523809523,0.0,2.380952380952381,6.666666666666667,2.3333333333333335,0.7142857142857143,2.9523809523809526,0.8095238095238095,0.7619047619047619,0.047619047619047616,5.142857142857143,13.0,0.2857142857142857,0.0,2.380952380952381,0.42857142857142855,0.14285714285714285
60,1,9.727272727272727,2.772727272727273,12.681818181818182,22.40909090909091,0.22727272727272727,0.3181818181818182,0.0,3.3636363636363638,1.3181818181818181,3.0,4.7727272727272725,2.5454545454545454,0.6818181818181818,0.7272727272727273,0.18181818181818182,9.045454545454545,13.681818181818182,0.0,0.18181818181818182,1.0454545454545454,0.09090909090909091,0.2727272727272727
61,1,12.434782608695652,4.130434782608695,8.956521739130435,21.391304347826086,0.5652173913043478,0.30434782608695654,0.0,1.3043478260869565,2.3043478260869565,2.782608695652174,1.565217391304348,2.652173913043478,0.5217391304347826,0.5217391304347826,0.30434782608695654,6.869565217391305,14.695652173913043,0.043478260869565216,0.391304347826087,0.9130434782608695,0.13043478260869565,0.391304347826087
62,1,12.61111111111111,5.0,14.5,27.11111111111111,0.2777777777777778,0.2777777777777778,0.0,7.166666666666667,1.6666666666666667,4.055555555555555,5.166666666666667,3.5555555555555554,1.5555555555555556,1.1111111111111112,0.7222222222222222,11.166666666666666,15.166666666666666,0.2222222222222222,0.2777777777777778,1.5555555555555556,0.1111111111111111,0.3888888888888889
63,1,14.363636363636363,3.9545454545454546,7.7727272727272725,22.136363636363637,0.3181818181818182,0.45454545454545453,0.0,5.090909090909091,1.0909090909090908,4.636363636363637,5.590909090909091,3.090909090909091,1.1363636363636365,0.9090909090909091,0.3181818181818182,9.318181818181818,11.681818181818182,0.045454545454545456,0.45454545454545453,1.0909090909090908,0.13636363636363635,0.8636363636363636
64,1,16.61904761904762,6.238095238095238,6.476190476190476,23.095238095238095,0.3333333333333333,0.3333333333333333,0.0,2.619047619047619,3.857142857142857,2.6666666666666665,1.619047619047619,3.4285714285714284,0.9523809523809523,1.0952380952380953,0.14285714285714285,7.142857142857143,15.142857142857142,0.6666666666666666,0.14285714285714285,3.1904761904761907,0.19047619047619047,0.23809523809523808
66,1,13.52,4.48,5.68,19.2,0.72,0.32,0.0,3.56,1.28,4.44,1.88,3.12,1.36,1.0,0.12,6.76,12.56,0.12,0.36,1.0,0.4,0.6
67,1,11.347826086956522,4.478260869565218,9.478260869565217,20.82608695652174,0.21739130434782608,0.13043478260869565,0.0,2.4347826086956523,1.7391304347826086,3.1739130434782608,2.3043478260869565,2.6956521739130435,0.8695652173913043,0.5217391304347826,0.13043478260869565,6.478260869565218,14.347826086956522,0.043478260869565216,0.17391304347826086,0.782608695652174,0.13043478260869565,0.34782608695652173
68,1,11.227272727272727,4.681818181818182,10.454545454545455,21.681818181818183,0.36363636363636365,0.3181818181818182,0.045454545454545456,2.6363636363636362,1.9545454545454546,2.5454545454545454,3.409090909090909,2.727272727272727,0.8636363636363636,0.7272727272727273,0.045454545454545456,7.909090909090909,14.090909090909092,0.3181818181818182,0.09090909090909091,0.9545454545454546,0.36363636363636365,0.18181818181818182
69,1,12.842105263157896,3.3157894736842106,12.0,24.842105263157894,0.3157894736842105,0.3157894736842105,0.0,3.0526315789473686,1.6842105263157894,4.105263157894737,5.894736842105263,3.6315789473684212,1.0526315789473684,0.5789473684210527,1.0,11.052631578947368,13.842105263157896,0.0,0.2631578947368421,1.105263157894737,0.10526315789473684,0.7368421052631579
73,1,17.7,7.3,5.55,23.25,0.0,0.05,0.05,2.0,6.25,2.25,0.4,3.45,0.85,1.4,0.45,6.05,14.6,0.7,0.0,4.15,0.25,0.25
74,1,14.952380952380953,5.476190476190476,6.9523809523809526,21.904761904761905,0.42857142857142855,0.2857142857142857,0.0,2.238095238095238,3.1904761904761907,2.857142857142857,1.1904761904761905,2.4761904761904763,0.6190476190476191,0.5714285714285714,0.23809523809523808,5.857142857142857,13.571428571428571,0.14285714285714285,0.42857142857142855,1.2380952380952381,0.23809523809523808,0.2857142857142857
75,1,11.333333333333334,3.1904761904761907,10.523809523809524,21.857142857142858,0.3333333333333333,0.14285714285714285,0.0,4.333333333333333,1.1428571428571428,3.9523809523809526,5.142857142857143,3.9047619047619047,1.9523809523809523,1.5238095238095237,0.19047619047619047,9.714285714285714,12.476190476190476,0.14285714285714285,0.3333333333333333,1.9047619047619047,0.14285714285714285,0.6666666666666666
76,1,15.380952380952381,4.761904761904762,6.476190476190476,21.857142857142858,0.0,0.0,0.0,2.238095238095238,4.714285714285714,2.7142857142857144,0.8095238095238095,2.380952380952381,0.7142857142857143,0.38095238095238093,0.14285714285714285,6.380952380952381,12.857142857142858,0.5714285714285714,0.0,2.761904761904762,5.380952380952381,0.2857142857142857
80,1,10.96,4.4,7.0,17.96,0.48,0.28,0.0,2.96,1.24,3.2,1.6,3.0,0.44,0.92,0.12,5.36,11.88,0.16,0.32,2.08,0.6,0.32
82,1,13.863636363636363,5.409090909090909,6.409090909090909,20.272727272727273,0.045454545454545456,0.045454545454545456,0.0,2.4545454545454546,6.136363636363637,1.9090909090909092,0.9545454545454546,3.3636363636363638,0.5909090909090909,1.2272727272727273,0.09090909090909091,5.409090909090909,12.045454545454545,0.7727272727272727,0.045454545454545456,3.3181818181818183,0.045454545454545456,0.13636363636363635
84,1,11.045454545454545,5.636363636363637,9.136363636363637,20.181818181818183,1.1818181818181819,0.6363636363636364,0.0,4.181818181818182,0.6363636363636364,3.8636363636363638,1.9545454545454546,2.9545454545454546,2.0,0.5,0.045454545454545456,8.0,12.545454545454545,0.4090909090909091,0.9090909090909091,1.0,0.2727272727272727,0.6363636363636364
85,1,12.5,3.95,9.65,22.15,0.5,0.45,0.0,3.75,1.0,3.3,3.7,2.8,1.45,0.75,0.15,8.75,13.1,0.2,0.45,1.1,1.05,0.8
87,1,12.409090909090908,4.318181818181818,7.7272727272727275,20.136363636363637,0.36363636363636365,0.3181818181818182,0.0,3.5,1.8181818181818181,4.818181818181818,4.363636363636363,3.0454545454545454,1.1818181818181819,0.7727272727272727,0.22727272727272727,9.772727272727273,11.045454545454545,0.2727272727272727,0.13636363636363635,1.5909090909090908,0.09090909090909091,0.5454545454545454
88,1,10.652173913043478,3.652173913043478,8.478260869565217,19.130434782608695,0.4782608695652174,0.30434782608695654,0.0,2.260869565217391,2.4782608695652173,3.0,1.3478260869565217,3.4347826086956523,0.9565217391304348,1.2608695652173914,0.2608695652173913,6.826086956521739,11.652173913043478,0.13043478260869565,0.391304347826087,2.4782608695652173,0.21739130434782608,0.2608695652173913
89,1,12.571428571428571,4.761904761904762,8.380952380952381,20.952380952380953,0.2857142857142857,0.19047619047619047,0.0,1.7619047619047619,2.380952380952381,2.380952380952381,0.8571428571428571,3.2857142857142856,0.42857142857142855,1.0952380952380953,0.19047619047619047,4.761904761904762,15.333333333333334,0.047619047619047616,0.19047619047619047,1.5714285714285714,0.9523809523809523,0.5238095238095238
91,1,14.681818181818182,5.7727272727272725,5.181818181818182,19.863636363636363,0.2727272727272727,0.4090909090909091,0.0,2.909090909090909,2.272727272727273,4.2727272727272725,2.5,3.772727272727273,0.6818181818181818,1.4090909090909092,0.22727272727272727,5.7272727272727275,13.409090909090908,0.09090909090909091,0.18181818181818182,1.2272727272727273,0.13636363636363635,0.6818181818181818
92,1,9.947368421052632,3.263157894736842,13.0,22.94736842105263,0.15789473684210525,0.21052631578947367,0.0,4.526315789473684,0.5263157894736842,4.157894736842105,6.052631578947368,2.473684210526316,1.368421052631579,0.631578947368421,0.21052631578947367,9.789473684210526,12.947368421052632,0.05263157894736842,0.15789473684210525,1.1578947368421053,1.2105263157894737,0.8421052631578947
94,1,14.35,5.75,7.35,21.7,0.3,0.3,0.0,2.7,2.15,4.2,1.8,3.6,0.9,0.85,0.15,6.2,15.5,0.15,0.2,1.55,0.15,0.3
95,1,11.578947368421053,3.1052631578947367,11.105263157894736,22.68421052631579,0.2631578947368421,0.15789473684210525,0.05263157894736842,2.8421052631578947,0.8421052631578947,3.5789473684210527,5.0,3.789473684210526,1.2105263157894737,0.7368421052631579,0.2631578947368421,10.789473684210526,11.421052631578947,0.0,0.2631578947368421,1.7894736842105263,0.05263157894736842,0.9473684210526315
96,1,16.095238095238095,4.428571428571429,4.333333333333333,20.428571428571427,0.09523809523809523,0.2857142857142857,0.0,1.7619047619047619,4.476190476190476,3.0952380952380953,0.8571428571428571,2.5714285714285716,0.7619047619047619,0.5714285714285714,0.047619047619047616,5.285714285714286,13.857142857142858,0.09523809523809523,0.09523809523809523,1.380952380952381,2.6666666666666665,0.7142857142857143
97,1,10.952380952380953,3.5238095238095237,9.380952380952381,20.333333333333332,0.42857142857142855,0.42857142857142855,0.0,5.0,0.9523809523809523,4.380952380952381,5.095238095238095,3.3333333333333335,0.8095238095238095,1.2857142857142858,0.09523809523809523,10.80952380952381,9.619047619047619,0.3333333333333333,0.47619047619047616,1.4285714285714286,0.2857142857142857,0.7142857142857143
98,1,11.333333333333334,3.4,17.133333333333333,28.466666666666665,0.26666666666666666,0.3333333333333333,0.0,4.866666666666666,0.9333333333333333,4.2,6.6,2.8,1.4,0.9333333333333333,0.26666666666666666,12.666666666666666,16.266666666666666,0.0,0.2,1.1333333333333333,0.06666666666666667,0.6
99,1,7.75,4.041666666666667,9.958333333333334,17.708333333333332,0.3333333333333333,0.20833333333333334,14.583333333333334,5.041666666666667,1.5833333333333333,2.5416666666666665,3.4166666666666665,3.0,1.25,1.2916666666666667,0.375,8.875,9.333333333333334,0.8333333333333334,0.5416666666666666,3.75,0.0,0.20833333333333334
100,1,14.619047619047619,4.095238095238095,5.619047619047619,20.238095238095237,0.14285714285714285,0.2857142857142857,0.0,2.9523809523809526,4.904761904761905,3.3333333333333335,0.9523809523809523,3.1904761904761907,0.5238095238095238,1.0476190476190477,0.047619047619047616,5.0476190476190474,13.0,0.19047619047619047,0.09523809523809523,1.619047619047619,0.2857142857142857,0.3333333333333333
101,1,15.6,6.2,5.6,21.2,0.15,0.3,0.0,2.2,4.35,2.2,0.3,2.7,1.05,0.85,0.25,4.7,14.65,0.5,0.05,2.2,0.4,0.4
103,1,11.777777777777779,3.611111111111111,11.555555555555555,23.333333333333332,0.2777777777777778,0.16666666666666666,0.0,4.666666666666667,0.7222222222222222,4.611111111111111,4.055555555555555,3.4444444444444446,1.4444444444444444,1.0555555555555556,0.2777777777777778,9.055555555555555,15.277777777777779,0.16666666666666666,0.05555555555555555,1.6666666666666667,0.1111111111111111,0.2777777777777778
104,1,12.444444444444445,2.7777777777777777,10.833333333333334,23.27777777777778,0.8888888888888888,1.0,0.0,3.1666666666666665,0.6111111111111112,4.222222222222222,4.111111111111111,3.7222222222222223,1.4444444444444444,1.3333333333333333,0.2777777777777778,10.166666666666666,13.38888888888889,0.1111111111111111,0.3888888888888889,0.3888888888888889,1.2222222222222223,0.5555555555555556
105,1,10.714285714285714,5.857142857142857,9.19047619047619,19.904761904761905,0.9047619047619048,0.5714285714285714,0.0,1.6666666666666667,1.6666666666666667,2.5714285714285716,1.5714285714285714,2.238095238095238,0.7142857142857143,0.5714285714285714,0.09523809523809523,5.142857142857143,15.095238095238095,0.0,0.6666666666666666,1.1428571428571428,0.3333333333333333,0.38095238095238093
106,1,13.045454545454545,5.545454545454546,5.909090909090909,18.954545454545453,0.5909090909090909,0.6363636363636364,27.09090909090909,1.8181818181818181,1.1818181818181819,3.6818181818181817,4.636363636363637,4.136363636363637,1.8181818181818181,1.5909090909090908,0.5454545454545454,11.181818181818182,7.681818181818182,2.5,1.0454545454545454,3.1363636363636362,0.0,0.13636363636363635
108,1,12.352941176470589,4.588235294117647,12.117647058823529,24.470588235294116,0.4117647058823529,0.4117647058823529,0.0,4.0588235294117645,1.2352941176470589,4.294117647058823,4.588235294117647,3.235294117647059,1.7058823529411764,0.7058823529411765,0.23529411764705882,11.058823529411764,13.823529411764707,0.23529411764705882,0.11764705882352941,0.8235294117647058,0.11764705882352941,0.29411764705882354
110,1,11.291666666666666,4.0,5.875,17.166666666666668,1.5416666666666667,0.75,0.0,2.1666666666666665,1.2083333333333333,4.0,1.9583333333333333,3.5833333333333335,0.5833333333333334,1.375,0.20833333333333334,6.5,10.625,0.125,0.7083333333333334,1.0416666666666667,0.041666666666666664,0.3333333333333333
111,1,10.652173913043478,4.608695652173913,7.260869565217392,17.91304347826087,0.391304347826087,0.30434782608695654,0.0,3.5217391304347827,2.0434782608695654,2.782608695652174,1.7826086956521738,2.782608695652174,0.9130434782608695,0.7391304347826086,0.08695652173913043,5.913043478260869,12.08695652173913,0.21739130434782608,0.30434782608695654,1.565217391304348,0.0,0.6956521739130435
112,1,12.411764705882353,3.5294117647058822,11.823529411764707,24.235294117647058,0.35294117647058826,0.29411764705882354,0.0,3.9411764705882355,2.176470588235294,4.882352941176471,5.588235294117647,5.705882352941177,0.8823529411764706,2.176470588235294,0.17647058823529413,11.117647058823529,13.058823529411764,0.11764705882352941,0.17647058823529413,0.9411764705882353,0.5294117647058824,0.6470588235294118
113,1,10.04,4.68,6.36,16.4,1.96,1.12,0.0,4.72,0.56,2.76,2.16,2.88,1.56,0.92,0.28,8.12,8.6,0.84,1.68,1.08,0.04,0.44
114,1,14.222222222222221,6.444444444444445,8.5,22.72222222222222,0.3333333333333333,0.16666666666666666,0.0,3.111111111111111,2.7222222222222223,3.2777777777777777,2.111111111111111,3.9444444444444446,0.8333333333333334,1.2222222222222223,0.1111111111111111,5.555555555555555,16.22222222222222,0.16666666666666666,0.1111111111111111,1.7777777777777777,0.1111111111111111,0.4444444444444444
116,1,9.727272727272727,1.2272727272727273,8.818181818181818,18.545454545454547,0.09090909090909091,0.18181818181818182,0.0,7.181818181818182,1.4545454545454546,3.4545454545454546,6.0,3.727272727272727,1.5909090909090908,2.1818181818181817,0.18181818181818182,12.727272727272727,6.181818181818182,0.0,0.045454545454545456,1.5454545454545454,0.045454545454545456,0.18181818181818182
117,1,13.75,3.5625,11.6875,25.4375,0.4375,0.4375,0.0,4.75,1.9375,3.875,3.75,4.625,1.6875,1.25,0.375,9.6875,14.8125,0.3125,0.3125,0.8125,0.0625,0.625
118,1,12.434782608695652,6.086956521739131,5.260869565217392,17.695652173913043,0.0,0.0,0.0,1.173913043478261,5.217391304347826,1.1304347826086956,0.21739130434782608,2.347826086956522,0.391304347826087,0.782608695652174,0.043478260869565216,3.9130434782608696,12.608695652173912,0.5217391304347826,0.0,4.173913043478261,0.6956521739130435,0.043478260869565216
120,1,12.555555555555555,3.888888888888889,9.88888888888889,22.444444444444443,0.4444444444444444,0.6666666666666666,0.0,2.7222222222222223,1.1111111111111112,5.166666666666667,5.888888888888889,4.222222222222222,1.1666666666666667,1.4444444444444444,0.3333333333333333,11.666666666666666,10.11111111111111,0.7777777777777778,1.0,2.2777777777777777,0.05555555555555555,1.0
121,1,11.130434782608695,3.1739130434782608,6.391304347826087,17.52173913043478,1.8695652173913044,1.7826086956521738,0.0,2.0869565217391304,0.21739130434782608,4.3478260869565215,3.608695652173913,4.260869565217392,0.6956521739130435,1.7826086956521738,0.5217391304347826,9.173913043478262,8.869565217391305,0.5652173913043478,1.434782608695652,1.4782608695652173,1.6521739130434783,0.7391304347826086
123,1,10.777777777777779,2.6666666666666665,11.444444444444445,22.22222222222222,0.1111111111111111,0.3333333333333333,0.0,5.055555555555555,0.6666666666666666,4.055555555555555,5.277777777777778,5.0,1.4444444444444444,1.7222222222222223,0.1111111111111111,10.333333333333334,11.944444444444445,0.1111111111111111,0.3888888888888889,1.0,0.1111111111111111,0.7777777777777778
124,1,12.454545454545455,6.0,5.5,17.954545454545453,1.0,0.2727272727272727,0.7727272727272727,2.227272727272727,4.318181818181818,1.9545454545454546,0.22727272727272727,2.909090909090909,0.8636363636363636,1.0454545454545454,0.22727272727272727,5.5,10.227272727272727,0.9545454545454546,0.5909090909090909,3.272727272727273,0.45454545454545453,0.3181818181818182
125,1,11.947368421052632,3.210526315789474,8.842105263157896,20.789473684210527,0.9473684210526315,0.9473684210526315,0.0,3.473684210526316,1.4210526315789473,4.421052631578948,5.105263157894737,3.789473684210526,0.9473684210526315,1.2105263157894737,0.5263157894736842,10.052631578947368,11.421052631578947,0.2631578947368421,0.5789473684210527,1.9473684210526316,0.47368421052631576,0.42105263157894735
127,1,8.08695652173913,2.608695652173913,9.043478260869565,17.130434782608695,0.21739130434782608,0.30434782608695654,27.304347826086957,3.739130434782609,1.391304347826087,2.260869565217391,4.0,4.826086956521739,1.1304347826086956,2.608695652173913,0.13043478260869565,9.130434782608695,7.826086956521739,0.43478260869565216,0.08695652173913043,3.6956521739130435,0.0,0.34782608695652173
130,1,11.333333333333334,5.875,4.833333333333333,16.166666666666668,2.7083333333333335,1.5416666666666667,0.041666666666666664,1.4166666666666667,0.2916666666666667,3.125,0.5833333333333334,2.875,1.0,1.1666666666666667,0.7916666666666666,5.083333333333333,11.083333333333334,1.125,2.9166666666666665,1.4583333333333333,0.16666666666666666,0.875
131,1,11.227272727272727,4.7272727272727275,6.2727272727272725,17.5,0.2727272727272727,0.18181818181818182,0.0,1.0454545454545454,1.3636363636363635,3.1363636363636362,1.5909090909090908,2.1818181818181817,0.6363636363636364,0.4090909090909091,0.09090909090909091,4.909090909090909,12.545454545454545,0.2727272727272727,0.3181818181818182,0.8636363636363636,0.6363636363636364,0.3181818181818182
134,1,11.9375,4.5,12.0,23.9375,0.125,0.1875,0.0,2.375,2.0,2.375,2.5625,3.3125,0.625,1.0625,0.0625,8.0625,16.375,0.0625,0.125,0.8125,0.125,0.125
135,1,11.761904761904763,4.523809523809524,6.428571428571429,18.19047619047619,0.14285714285714285,0.09523809523809523,0.0,1.7142857142857142,3.6666666666666665,1.619047619047619,0.6190476190476191,2.0,0.5714285714285714,0.3333333333333333,0.047619047619047616,3.9523809523809526,13.523809523809524,0.0,0.047619047619047616,1.2380952380952381,0.47619047619047616,0.09523809523809523
136,1,14.95,6.3,4.15,19.1,0.0,0.1,0.0,1.05,5.1,0.6,0.25,2.2,0.8,0.55,0.05,4.65,10.5,0.85,0.0,5.4,0.25,0.0
140,1,13.263157894736842,6.2105263157894735,6.315789473684211,19.57894736842105,0.0,0.05263157894736842,0.0,2.3157894736842106,3.8421052631578947,1.5789473684210527,0.42105263157894735,2.5789473684210527,0.5263157894736842,1.0526315789473684,0.10526315789473684,4.894736842105263,13.368421052631579,0.3157894736842105,0.0,3.210526315789474,0.21052631578947367,0.15789473684210525
143,1,9.818181818181818,4.7272727272727275,6.7727272727272725,16.59090909090909,1.0909090909090908,1.0,0.9545454545454546,3.3636363636363638,0.36363636363636365,3.6363636363636362,1.3181818181818181,3.090909090909091,1.1818181818181819,1.1818181818181819,0.5,6.181818181818182,10.636363636363637,0.4090909090909091,1.0454545454545454,0.8636363636363636,0.09090909090909091,0.5
145,1,9.88,3.28,4.56,14.44,2.12,1.08,0.0,2.56,0.32,3.44,1.36,2.76,0.68,0.88,0.24,5.6,9.08,0.2,1.4,0.92,0.4,0.48
146,1,9.3,2.85,8.75,18.05,0.4,0.1,0.0,4.75,0.9,4.2,1.9,3.35,1.25,0.9,0.1,6.85,11.8,0.0,0.1,0.55,0.2,0.45
151,1,7.428571428571429,2.1904761904761907,9.476190476190476,16.904761904761905,0.14285714285714285,0.23809523809523808,0.0,6.285714285714286,1.0,1.4761904761904763,4.142857142857143,2.6666666666666665,1.0,0.7619047619047619,0.09523809523809523,9.238095238095237,7.619047619047619,0.14285714285714285,0.14285714285714285,1.0476190476190477,0.0,0.3333333333333333
152,1,10.681818181818182,5.7727272727272725,5.363636363636363,16.045454545454547,1.1363636363636365,0.8636363636363636,0.0,2.590909090909091,0.13636363636363635,3.6363636363636362,0.4090909090909091,3.3181818181818183,0.9545454545454546,1.0454545454545454,0.045454545454545456,4.681818181818182,11.727272727272727,0.22727272727272727,1.7272727272727273,0.8636363636363636,0.2727272727272727,1.1363636363636365
153,1,8.791666666666666,3.1666666666666665,5.916666666666667,14.708333333333334,1.0,0.875,0.041666666666666664,2.3333333333333335,0.7083333333333334,2.75,2.4166666666666665,2.6666666666666665,1.0416666666666667,0.875,0.16666666666666666,7.125,7.625,0.625,0.5833333333333334,0.7916666666666666,0.16666666666666666,0.8333333333333334
158,1,8.238095238095237,3.4285714285714284,8.095238095238095,16.333333333333332,0.5714285714285714,0.2857142857142857,0.0,3.5714285714285716,0.9047619047619048,3.3333333333333335,1.6666666666666667,2.8095238095238093,0.8571428571428571,0.9523809523809523,0.09523809523809523,6.190476190476191,10.380952380952381,0.19047619047619047,0.3333333333333333,1.5714285714285714,0.0,0.42857142857142855
163,1,10.380952380952381,4.619047619047619,5.619047619047619,16.0,0.42857142857142855,0.3333333333333333,23.047619047619047,3.142857142857143,1.2857142857142858,2.4285714285714284,3.380952380952381,3.619047619047619,1.7142857142857142,1.7142857142857142,0.14285714285714285,8.857142857142858,7.333333333333333,1.1904761904761905,0.47619047619047616,2.2857142857142856,0.0,0.23809523809523808
164,1,8.636363636363637,6.0,6.590909090909091,15.227272727272727,0.0,0.0,0.0,2.6818181818181817,3.4545454545454546,0.5454545454545454,0.3181818181818182,2.0,1.4090909090909092,0.5454545454545454,0.045454545454545456,8.0,6.954545454545454,1.7272727272727273,0.0,8.590909090909092,0.0,0.09090909090909091
166,1,8.84,5.68,4.28,13.12,2.68,1.72,3.4,1.56,0.12,1.68,0.96,2.56,0.68,1.04,0.32,6.76,6.6,1.68,3.84,1.76,0.04,1.08
168,1,13.0,5.944444444444445,5.111111111111111,18.11111111111111,0.2222222222222222,0.05555555555555555,0.0,2.4444444444444446,3.111111111111111,2.7777777777777777,0.3888888888888889,2.0,0.8888888888888888,0.3333333333333333,0.05555555555555555,4.777777777777778,12.777777777777779,0.2222222222222222,0.05555555555555555,2.5,0.16666666666666666,0.5
177,1,8.666666666666666,1.8333333333333333,8.944444444444445,17.61111111111111,0.16666666666666666,0.1111111111111111,0.0,9.5,1.8888888888888888,3.1666666666666665,4.611111111111111,4.444444444444445,1.5,1.8888888888888888,0.1111111111111111,9.833333333333334,8.61111111111111,0.1111111111111111,0.16666666666666666,2.0,0.05555555555555555,0.3888888888888889
179,1,10.263157894736842,5.578947368421052,6.315789473684211,16.57894736842105,0.6842105263157895,0.47368421052631576,0.05263157894736842,2.1052631578947367,1.4736842105263157,2.473684210526316,1.2105263157894737,3.0526315789473686,0.7894736842105263,0.5263157894736842,0.10526315789473684,6.526315789473684,10.31578947368421,0.7368421052631579,0.5789473684210527,1.1578947368421053,0.10526315789473684,0.3684210526315789
180,1,9.636363636363637,6.681818181818182,4.590909090909091,14.227272727272727,1.5454545454545454,0.9090909090909091,0.3181818181818182,1.2272727272727273,0.4090909090909091,3.1363636363636362,0.13636363636363635,2.090909090909091,0.5454545454545454,0.6818181818181818,0.045454545454545456,4.545454545454546,9.772727272727273,1.1363636363636365,1.6818181818181819,1.6363636363636365,0.22727272727272727,0.5
182,1,8.5,3.7916666666666665,4.5,13.0,0.8333333333333334,0.3333333333333333,17.625,3.3333333333333335,1.25,1.2916666666666667,2.4583333333333335,2.5416666666666665,2.0,0.75,0.16666666666666666,7.875,5.25,1.4583333333333333,0.75,2.2916666666666665,0.0,0.25
183,1,8.521739130434783,4.043478260869565,4.956521739130435,13.478260869565217,1.3043478260869565,0.8260869565217391,0.0,3.0,0.4782608695652174,2.4347826086956523,0.4782608695652174,2.9130434782608696,1.0869565217391304,1.5217391304347827,0.2608695652173913,5.434782608695652,8.304347826086957,0.13043478260869565,0.9565217391304348,1.173913043478261,0.0,0.8260869565217391
184,1,7.96,3.56,4.4,12.36,1.4,0.52,0.0,3.32,0.28,3.16,0.72,2.96,0.8,0.96,0.04,5.28,7.24,0.56,1.28,1.24,0.28,0.36
186,1,10.05,3.85,5.2,15.25,1.05,0.75,6.15,2.2,0.75,3.4,2.8,3.4,1.1,1.55,0.05,7.25,8.0,0.65,1.25,2.95,0.05,0.7
187,1,9.473684210526315,4.578947368421052,6.578947368421052,16.05263157894737,0.42105263157894735,0.2631578947368421,0.0,2.8947368421052633,1.631578947368421,3.3157894736842106,1.368421052631579,4.0,1.105263157894737,1.4736842105263157,0.10526315789473684,6.2105263157894735,10.31578947368421,0.5263157894736842,0.3157894736842105,1.6842105263157894,0.15789473684210525,0.2631578947368421
188,1,5.363636363636363,2.9545454545454546,8.409090909090908,13.772727272727273,0.5,0.5454545454545454,11.045454545454545,3.6818181818181817,0.4090909090909091,2.0454545454545454,2.409090909090909,2.1818181818181817,1.3181818181818181,0.7272727272727273,0.09090909090909091,8.090909090909092,6.181818181818182,1.1818181818181819,0.6363636363636364,1.7272727272727273,0.045454545454545456,0.5
196,1,7.0,2.4285714285714284,7.142857142857143,14.142857142857142,0.47619047619047616,0.42857142857142855,33.904761904761905,2.619047619047619,1.0,2.3333333333333335,4.428571428571429,3.380952380952381,1.1904761904761905,1.7142857142857142,0.2857142857142857,8.952380952380953,5.238095238095238,0.9523809523809523,0.6190476190476191,2.5714285714285716,0.0,0.38095238095238093
203,1,7.454545454545454,2.5,5.863636363636363,13.318181818181818,0.18181818181818182,0.09090909090909091,37.86363636363637,2.8636363636363638,0.6818181818181818,1.6363636363636365,4.590909090909091,2.8636363636363638,1.6363636363636365,1.0909090909090908,0.18181818181818182,9.363636363636363,4.590909090909091,0.5,0.18181818181818182,3.6818181818181817,0.0,0.45454545454545453
206,1,10.68421052631579,4.157894736842105,4.578947368421052,15.263157894736842,1.6842105263157894,1.368421052631579,0.0,1.9473684210526316,0.5263157894736842,3.263157894736842,2.1578947368421053,3.263157894736842,0.8947368421052632,0.8421052631578947,0.2631578947368421,7.2631578947368425,8.473684210526315,0.3684210526315789,1.5789473684210527,1.3157894736842106,0.42105263157894735,1.0526315789473684
207,1,10.25,5.4375,7.8125,18.0625,0.6875,0.5625,23.6875,2.5625,1.75,3.1875,4.1875,3.125,2.1875,1.125,0.375,8.375,9.5625,1.1875,0.875,3.125,0.5,0.1875
210,1,8.04,3.84,3.36,11.4,2.16,0.84,0.0,3.08,0.32,1.4,0.36,2.28,0.88,0.64,0.12,5.36,6.08,0.6,2.24,1.24,0.04,0.8
215,1,8.944444444444445,3.7777777777777777,6.611111111111111,15.555555555555555,0.7222222222222222,0.3333333333333333,0.0,2.3333333333333335,1.0555555555555556,2.888888888888889,1.3333333333333333,2.7222222222222223,0.4444444444444444,0.7777777777777778,0.1111111111111111,5.5,10.0,0.2222222222222222,0.5555555555555556,1.3333333333333333,0.3888888888888889,0.7777777777777778
223,1,9.052631578947368,3.789473684210526,4.894736842105263,13.947368421052632,1.4736842105263157,1.0,0.0,3.473684210526316,0.15789473684210525,2.1052631578947367,0.8947368421052632,2.5789473684210527,0.8421052631578947,0.7894736842105263,0.15789473684210525,6.2105263157894735,7.578947368421052,0.3684210526315789,1.631578947368421,1.263157894736842,0.05263157894736842,0.3684210526315789
224,1,6.2,2.65,7.05,13.25,0.15,0.1,36.9,3.95,1.25,1.9,3.9,2.8,1.75,0.95,0.1,9.4,4.1,1.55,0.2,4.1,0.0,0.1
225,1,10.5,5.7272727272727275,1.5,12.0,2.909090909090909,1.9090909090909092,0.045454545454545456,1.5909090909090908,0.045454545454545456,3.227272727272727,0.045454545454545456,2.6363636363636362,1.3181818181818181,0.7272727272727273,0.5,6.454545454545454,5.863636363636363,1.9090909090909092,2.9545454545454546,2.1818181818181817,0.045454545454545456,0.5454545454545454
226,1,8.956521739130435,5.043478260869565,2.5217391304347827,11.478260869565217,2.260869565217391,1.2173913043478262,0.0,2.0,0.08695652173913043,2.5217391304347827,0.17391304347826086,3.4782608695652173,1.434782608695652,1.4782608695652173,0.34782608695652173,5.086956521739131,6.826086956521739,1.2608695652173914,2.5217391304347827,1.173913043478261,0.13043478260869565,0.5652173913043478
227,1,7.363636363636363,5.2727272727272725,4.636363636363637,12.0,1.1363636363636365,0.5454545454545454,2.772727272727273,1.8181818181818181,0.13636363636363635,2.6818181818181817,0.8181818181818182,2.1818181818181817,0.8181818181818182,0.5909090909090909,0.09090909090909091,5.590909090909091,6.590909090909091,1.3181818181818181,1.2272727272727273,1.8181818181818181,0.0,0.6363636363636364
238,1,8.136363636363637,4.681818181818182,3.5,11.636363636363637,2.3181818181818183,1.5454545454545454,0.9090909090909091,2.1363636363636362,0.0,2.0454545454545454,0.5,2.3636363636363638,1.1818181818181819,0.45454545454545453,0.2727272727272727,6.409090909090909,5.181818181818182,1.9090909090909092,2.3181818181818183,1.1818181818181819,0.0,0.6363636363636364
239,1,9.0,3.8947368421052633,4.473684210526316,13.473684210526315,0.8947368421052632,0.42105263157894735,0.0,2.210526315789474,0.8947368421052632,1.7894736842105263,0.5263157894736842,2.473684210526316,1.105263157894737,0.8947368421052632,0.21052631578947367,5.421052631578948,7.631578947368421,0.631578947368421,0.7368421052631579,1.4736842105263157,0.05263157894736842,0.3684210526315789
240,1,9.333333333333334,5.222222222222222,4.833333333333333,14.166666666666666,2.611111111111111,1.2777777777777777,1.9444444444444444,2.0,0.0,2.7222222222222223,0.8333333333333334,3.611111111111111,1.5,1.5555555555555556,0.7777777777777778,7.722222222222222,7.222222222222222,1.4444444444444444,2.2222222222222223,1.2777777777777777,0.0,0.7222222222222222
242,1,10.071428571428571,4.5,8.071428571428571,18.142857142857142,0.07142857142857142,0.14285714285714285,0.0,2.0714285714285716,3.0714285714285716,1.7142857142857142,0.35714285714285715,3.142857142857143,0.7857142857142857,1.0,0.42857142857142855,5.785714285714286,12.714285714285714,0.6428571428571429,0.07142857142857142,2.9285714285714284,1.6428571428571428,0.14285714285714285
252,1,8.227272727272727,5.818181818181818,2.8636363636363638,11.090909090909092,2.409090909090909,1.1818181818181819,3.1363636363636362,0.6818181818181818,0.3181818181818182,2.0454545454545454,0.22727272727272727,2.227272727272727,1.3181818181818181,0.5909090909090909,0.36363636363636365,5.2727272727272725,6.545454545454546,1.8636363636363635,2.6818181818181817,3.6818181818181817,0.045454545454545456,0.5909090909090909
255,1,5.48,3.84,4.28,9.76,0.0,0.0,0.0,1.52,2.32,0.56,0.28,2.4,0.44,1.12,0.08,4.8,5.28,1.04,0.0,8.8,0.0,0.04
259,1,8.555555555555555,2.2222222222222223,4.888888888888889,13.444444444444445,1.6111111111111112,1.1666666666666667,0.0,2.1666666666666665,0.2222222222222222,2.0,1.3888888888888888,2.6666666666666665,0.8888888888888888,1.1666666666666667,0.1111111111111111,6.444444444444445,6.722222222222222,0.0,1.1666666666666667,1.1666666666666667,0.8333333333333334,1.0
263,1,7.333333333333333,4.714285714285714,4.095238095238095,11.428571428571429,1.619047619047619,0.7142857142857143,0.09523809523809523,2.2857142857142856,0.14285714285714285,1.5714285714285714,0.09523809523809523,2.2857142857142856,1.1428571428571428,0.9523809523809523,0.09523809523809523,6.142857142857143,5.285714285714286,1.7619047619047619,1.9047619047619047,2.5238095238095237,0.0,0.42857142857142855
264,1,7.826086956521739,2.391304347826087,2.5652173913043477,10.391304347826088,1.7826086956521738,0.782608695652174,0.0,2.6956521739130435,0.17391304347826086,1.7826086956521738,0.5652173913043478,2.652173913043478,0.5652173913043478,1.3043478260869565,0.17391304347826086,4.608695652173913,5.565217391304348,0.17391304347826086,1.0869565217391304,1.0434782608695652,0.2608695652173913,0.34782608695652173
267,1,9.631578947368421,6.105263157894737,2.736842105263158,12.368421052631579,3.3157894736842106,1.4210526315789473,0.0,1.3157894736842106,0.0,2.263157894736842,0.10526315789473684,3.1578947368421053,1.4210526315789473,1.5263157894736843,0.7368421052631579,7.368421052631579,5.2105263157894735,3.263157894736842,3.4210526315789473,1.631578947368421,0.0,0.3157894736842105
268,1,7.428571428571429,2.238095238095238,3.761904761904762,11.19047619047619,1.9047619047619047,0.9047619047619048,0.0,2.4285714285714284,0.14285714285714285,3.0476190476190474,0.42857142857142855,2.2857142857142856,1.5714285714285714,0.6666666666666666,0.14285714285714285,5.619047619047619,6.0,0.38095238095238093,1.0952380952380953,1.0,0.14285714285714285,0.7142857142857143
271,1,6.714285714285714,4.380952380952381,4.428571428571429,11.142857142857142,1.7142857142857142,1.1428571428571428,7.428571428571429,1.6666666666666667,0.42857142857142855,1.2857142857142858,0.5238095238095238,2.0,0.9523809523809523,0.7619047619047619,0.3333333333333333,5.9523809523809526,5.571428571428571,1.5238095238095237,2.3333333333333335,3.9047619047619047,0.0,0.5714285714285714
272,1,8.11111111111111,7.222222222222222,4.888888888888889,13.0,1.9444444444444444,1.1666666666666667,0.7222222222222222,1.9444444444444444,0.05555555555555555,1.6666666666666667,0.05555555555555555,1.8333333333333333,0.7222222222222222,0.5555555555555556,0.2777777777777778,5.666666666666667,7.444444444444445,2.111111111111111,2.7777777777777777,1.4444444444444444,0.0,0.6111111111111112
275,1,7.818181818181818,5.2272727272727275,2.772727272727273,10.590909090909092,2.3636363636363638,1.8636363636363635,0.13636363636363635,0.7272727272727273,0.045454545454545456,1.4090909090909092,0.13636363636363635,2.409090909090909,1.4090909090909092,1.0,0.2727272727272727,6.090909090909091,4.590909090909091,2.1818181818181817,3.227272727272727,1.0,0.0,0.36363636363636365
278,1,8.19047619047619,4.9523809523809526,2.8095238095238093,11.0,1.9047619047619047,1.4285714285714286,0.19047619047619047,1.9047619047619047,0.09523809523809523,2.9523809523809526,0.3333333333333333,3.2857142857142856,0.9047619047619048,1.3333333333333333,0.047619047619047616,5.571428571428571,6.0,1.380952380952381,2.5714285714285716,2.3333333333333335,0.047619047619047616,0.5714285714285714
281,1,7.333333333333333,4.285714285714286,3.619047619047619,10.952380952380953,0.047619047619047616,0.0,0.0,1.1904761904761905,2.4285714285714284,0.5238095238095238,0.19047619047619047,2.0476190476190474,0.8095238095238095,0.8095238095238095,0.047619047619047616,4.380952380952381,6.666666666666667,0.9047619047619048,0.0,5.142857142857143,0.0,0.0
283,1,11.071428571428571,3.4285714285714284,5.214285714285714,16.285714285714285,0.21428571428571427,0.21428571428571427,0.0,2.9285714285714284,1.5,3.2857142857142856,1.8571428571428572,2.642857142857143,0.35714285714285715,0.2857142857142857,0.21428571428571427,5.857142857142857,9.857142857142858,0.07142857142857142,0.14285714285714285,1.4285714285714286,0.0,0.21428571428571427
285,1,8.157894736842104,3.789473684210526,3.736842105263158,11.894736842105264,1.7894736842105263,1.368421052631579,0.0,1.631578947368421,0.10526315789473684,2.6315789473684212,1.0,3.0,1.0,1.3157894736842106,0.15789473684210525,6.0,6.105263157894737,1.0,1.3157894736842106,1.0526315789473684,0.0,0.3684210526315789
286,1,7.157894736842105,4.631578947368421,4.7368421052631575,11.894736842105264,0.05263157894736842,0.0,0.0,1.6842105263157894,2.526315789473684,1.0,0.15789473684210525,2.263157894736842,0.6842105263157895,0.7894736842105263,0.05263157894736842,4.7894736842105265,6.842105263157895,0.6842105263157895,0.0,5.105263157894737,0.05263157894736842,0.05263157894736842
289,1,8.952380952380953,5.523809523809524,1.7619047619047619,10.714285714285714,2.142857142857143,0.7142857142857143,0.8571428571428571,2.1904761904761907,0.23809523809523808,1.9523809523809523,0.19047619047619047,1.9523809523809523,0.6666666666666666,0.3333333333333333,0.14285714285714285,4.380952380952381,6.333333333333333,1.3333333333333333,2.761904761904762,2.0476190476190474,0.0,0.47619047619047616
290,1,6.7368421052631575,3.8947368421052633,5.105263157894737,11.842105263157896,0.42105263157894735,0.3157894736842105,0.0,3.0526315789473686,1.105263157894737,1.8421052631578947,0.42105263157894735,2.526315789473684,0.7368421052631579,1.0,0.10526315789473684,4.7368421052631575,7.526315789473684,0.5263157894736842,0.3157894736842105,2.1578947368421053,0.15789473684210525,0.3157894736842105
291,1,14.636363636363637,4.363636363636363,5.818181818181818,20.454545454545453,0.2727272727272727,0.18181818181818182,0.0,1.5454545454545454,5.636363636363637,3.3636363636363638,1.3636363636363635,3.090909090909091,1.0,0.36363636363636365,0.36363636363636365,5.2727272727272725,11.727272727272727,0.0,0.0,2.272727272727273,0.8181818181818182,0.2727272727272727
292,1,7.0,2.6956521739130435,2.6956521739130435,9.695652173913043,1.7391304347826086,0.8260869565217391,0.0,1.4782608695652173,0.13043478260869565,1.826086956521739,0.6086956521739131,2.0869565217391304,1.391304347826087,0.5652173913043478,0.13043478260869565,4.434782608695652,5.608695652173913,0.17391304347826086,1.1304347826086956,0.9130434782608695,0.17391304347826086,0.2608695652173913
294,1,8.166666666666666,3.7777777777777777,4.0,12.166666666666666,1.6666666666666667,1.3888888888888888,0.0,1.1666666666666667,0.3333333333333333,2.2222222222222223,0.2777777777777778,1.8333333333333333,1.0,0.5,0.3888888888888889,5.222222222222222,7.111111111111111,0.2777777777777778,1.7222222222222223,0.6666666666666666,0.2777777777777778,0.6666666666666666
297,1,8.894736842105264,6.0,2.526315789473684,11.421052631578947,2.3684210526315788,1.631578947368421,1.2105263157894737,1.3157894736842106,0.0,1.5789473684210527,0.47368421052631576,2.3684210526315788,1.894736842105263,1.0,0.3684210526315789,6.842105263157895,4.947368421052632,2.263157894736842,2.789473684210526,1.6842105263157894,0.0,0.2631578947368421
299,1,6.521739130434782,3.782608695652174,2.8260869565217392,9.347826086956522,1.7826086956521738,1.0869565217391304,0.08695652173913043,2.0,0.043478260869565216,1.434782608695652,0.08695652173913043,2.347826086956522,0.7391304347826086,0.9130434782608695,0.13043478260869565,4.304347826086956,4.826086956521739,1.3043478260869565,2.1739130434782608,1.0869565217391304,0.0,0.43478260869565216
300,1,10.666666666666666,5.2,3.6666666666666665,14.333333333333334,2.466666666666667,1.2666666666666666,0.0,1.4666666666666666,0.2,3.8,0.6666666666666666,3.533333333333333,1.3333333333333333,1.2666666666666666,0.2,5.6,8.4,1.0,2.1333333333333333,0.6666666666666666,0.13333333333333333,0.6
301,1,6.363636363636363,1.5909090909090908,3.3636363636363638,9.727272727272727,0.5454545454545454,0.3181818181818182,23.772727272727273,1.5,1.0,2.590909090909091,3.8636363636363638,3.727272727272727,1.2272727272727273,2.0,0.045454545454545456,6.7272727272727275,2.9545454545454546,0.7727272727272727,0.2727272727272727,3.590909090909091,0.045454545454545456,0.22727272727272727
308,1,8.222222222222221,4.222222222222222,3.1666666666666665,11.38888888888889,0.7222222222222222,0.3888888888888889,1.5,1.1111111111111112,2.2222222222222223,1.7777777777777777,0.5,2.8333333333333335,1.0,0.8888888888888888,0.1111111111111111,5.222222222222222,5.833333333333333,1.5555555555555556,0.8888888888888888,2.8333333333333335,0.3888888888888889,0.16666666666666666
313,1,5.470588235294118,2.235294117647059,6.411764705882353,11.882352941176471,0.4117647058823529,0.17647058823529413,0.0,3.4705882352941178,0.4117647058823529,2.0,2.1176470588235294,2.411764705882353,1.1176470588235294,1.1764705882352942,0.058823529411764705,5.647058823529412,6.882352941176471,0.058823529411764705,0.17647058823529413,0.8235294117647058,0.35294117647058826,0.17647058823529413
314,1,6.0,4.0,5.166666666666667,11.166666666666666,1.0,1.1111111111111112,7.0,4.055555555555555,0.2777777777777778,1.9444444444444444,1.3888888888888888,2.0555555555555554,1.0,1.1111111111111112,0.1111111111111111,6.722222222222222,4.611111111111111,1.5,1.4444444444444444,2.7222222222222223,0.0,0.2222222222222222
323,1,9.066666666666666,2.2,4.0,13.066666666666666,1.6666666666666667,1.2666666666666666,0.0,3.0,0.2,2.8,2.6,3.066666666666667,1.0666666666666667,1.0666666666666667,0.13333333333333333,6.066666666666666,7.2,0.2,1.3333333333333333,1.3333333333333333,0.06666666666666667,0.4
325,1,6.35,3.8,3.35,9.7,1.9,0.9,0.0,0.65,0.05,1.3,0.05,2.25,1.35,0.85,0.25,5.1,4.7,1.25,1.85,2.05,0.0,0.2
330,1,6.684210526315789,1.8421052631578947,3.1578947368421053,9.842105263157896,1.0,0.42105263157894735,0.0,4.052631578947368,0.05263157894736842,1.894736842105263,0.47368421052631576,2.473684210526316,0.8947368421052632,0.9473684210526315,0.05263157894736842,4.052631578947368,5.421052631578948,0.10526315789473684,0.3157894736842105,0.8421052631578947,0.3684210526315789,0.8421052631578947
334,1,6.454545454545454,3.6363636363636362,1.9545454545454546,8.409090909090908,2.0,1.2272727272727273,4.0,1.2727272727272727,0.13636363636363635,1.4545454545454546,0.7727272727272727,2.590909090909091,1.1363636363636365,1.3181818181818181,0.13636363636363635,5.909090909090909,3.0454545454545454,1.5,1.7727272727272727,2.1363636363636362,0.045454545454545456,0.3181818181818182
348,1,15.11111111111111,4.111111111111111,4.444444444444445,19.555555555555557,0.0,0.0,0.0,1.2222222222222223,5.333333333333333,1.5555555555555556,1.1111111111111112,2.888888888888889,0.7777777777777778,0.7777777777777778,0.1111111111111111,5.333333333333333,10.666666666666666,0.1111111111111111,0.0,2.4444444444444446,2.3333333333333335,0.1111111111111111
353,1,8.0625,4.375,2.6875,10.75,2.0,1.5,0.0,1.375,0.0625,1.8125,0.0625,1.75,0.75,0.6875,0.1875,4.5625,6.3125,0.8125,2.4375,1.75,0.0625,0.8125
354,1,7.416666666666667,3.4166666666666665,6.916666666666667,14.333333333333334,1.3333333333333333,0.6666666666666666,7.5,2.25,0.0,2.25,2.0,2.75,1.1666666666666667,1.5833333333333333,0.08333333333333333,9.666666666666666,4.75,2.0833333333333335,1.0833333333333333,3.0,0.0,0.75
358,1,7.733333333333333,4.8,3.466666666666667,11.2,2.466666666666667,1.0,0.26666666666666666,1.0666666666666667,0.06666666666666667,1.3333333333333333,0.26666666666666666,2.2,1.1333333333333333,0.9333333333333333,0.2,5.6,5.6,1.5333333333333334,2.3333333333333335,2.2666666666666666,0.06666666666666667,0.4666666666666667
360,1,6.647058823529412,4.411764705882353,3.176470588235294,9.823529411764707,1.9411764705882353,0.8235294117647058,0.11764705882352941,1.8235294117647058,0.0,2.411764705882353,0.35294117647058826,2.411764705882353,0.6470588235294118,1.1764705882352942,0.11764705882352941,5.0,5.352941176470588,1.411764705882353,1.8823529411764706,2.2941176470588234,0.0,0.47058823529411764
362,1,12.666666666666666,3.4444444444444446,5.666666666666667,18.333333333333332,1.3333333333333333,0.7777777777777778,0.0,1.6666666666666667,0.2222222222222222,4.444444444444445,2.888888888888889,3.888888888888889,0.4444444444444444,1.5555555555555556,0.2222222222222222,8.333333333333334,10.777777777777779,0.4444444444444444,0.6666666666666666,1.2222222222222223,0.2222222222222222,0.4444444444444444
367,1,11.1,6.7,5.3,16.4,0.1,0.0,0.2,1.2,4.3,0.9,0.1,2.2,0.5,0.3,0.2,5.7,8.8,1.5,0.0,6.2,0.1,0.0
370,1,7.454545454545454,2.6363636363636362,7.363636363636363,14.818181818181818,0.18181818181818182,0.36363636363636365,20.545454545454547,1.4545454545454546,0.7272727272727273,2.090909090909091,3.727272727272727,4.363636363636363,2.272727272727273,2.6363636363636362,0.36363636363636365,8.636363636363637,6.909090909090909,0.2727272727272727,0.36363636363636365,3.4545454545454546,0.0,0.09090909090909091
381,1,8.0,3.1538461538461537,4.0,12.0,1.0769230769230769,0.23076923076923078,0.0,3.1538461538461537,0.8461538461538461,1.6153846153846154,2.769230769230769,3.1538461538461537,0.7692307692307693,1.6153846153846154,0.07692307692307693,6.153846153846154,6.384615384615385,0.3076923076923077,0.7692307692307693,0.8461538461538461,0.23076923076923078,0.38461538461538464
385,1,6.222222222222222,3.2222222222222223,2.2222222222222223,8.444444444444445,0.3888888888888889,0.4444444444444444,17.61111111111111,2.0,1.0555555555555556,1.6666666666666667,1.5555555555555556,3.111111111111111,1.1666666666666667,1.6111111111111112,0.05555555555555555,5.611111111111111,2.9444444444444446,1.6111111111111112,0.6666666666666666,3.2777777777777777,0.0,0.05555555555555555
390,1,7.3,2.5,7.4,14.7,0.3,0.4,0.0,2.5,1.0,1.8,4.3,1.8,1.7,0.7,0.2,8.6,6.2,0.0,0.2,0.8,0.0,0.3
391,1,7.153846153846154,2.769230769230769,4.076923076923077,11.23076923076923,1.3076923076923077,0.8461538461538461,0.0,1.8461538461538463,0.3076923076923077,1.3846153846153846,1.2307692307692308,2.769230769230769,0.6153846153846154,0.8461538461538461,0.07692307692307693,4.846153846153846,6.461538461538462,0.15384615384615385,1.0769230769230769,0.8461538461538461,0.23076923076923078,0.3076923076923077
409,1,11.777777777777779,4.888888888888889,3.2222222222222223,15.0,0.0,0.1111111111111111,0.0,2.4444444444444446,3.5555555555555554,1.3333333333333333,0.2222222222222222,2.6666666666666665,1.0,0.6666666666666666,0.2222222222222222,4.777777777777778,8.11111111111111,0.4444444444444444,0.0,2.7777777777777777,0.1111111111111111,0.0
410,1,5.882352941176471,3.5294117647058822,2.0,7.882352941176471,1.0588235294117647,0.9411764705882353,0.17647058823529413,1.0588235294117647,0.0,1.9411764705882353,0.0,1.9411764705882353,0.5882352941176471,0.29411764705882354,0.11764705882352941,3.588235294117647,4.470588235294118,1.0,1.8235294117647058,0.9411764705882353,0.058823529411764705,0.11764705882352941
413,1,6.4,3.8666666666666667,2.466666666666667,8.866666666666667,2.466666666666667,0.8666666666666667,0.0,1.4,0.06666666666666667,1.4666666666666666,0.06666666666666667,2.3333333333333335,0.7333333333333333,1.2,0.4,3.533333333333333,5.733333333333333,0.6666666666666666,2.4,0.8666666666666667,0.0,0.2
426,1,12.428571428571429,4.0,5.428571428571429,17.857142857142858,0.7142857142857143,0.5714285714285714,0.0,1.1428571428571428,1.2857142857142858,3.857142857142857,1.2857142857142858,3.7142857142857144,0.5714285714285714,0.8571428571428571,0.2857142857142857,4.857142857142857,13.142857142857142,0.0,0.42857142857142855,1.2857142857142858,0.14285714285714285,1.0
427,1,7.6923076923076925,4.846153846153846,1.8461538461538463,9.538461538461538,1.7692307692307692,0.6153846153846154,0.0,1.0,0.0,1.6923076923076923,0.07692307692307693,1.3846153846153846,1.4615384615384615,0.6153846153846154,0.23076923076923078,4.153846153846154,5.230769230769231,1.3846153846153846,1.5384615384615385,1.1538461538461537,0.0,0.3076923076923077
432,1,6.666666666666667,4.166666666666667,3.5833333333333335,10.25,0.75,0.6666666666666666,0.0,1.5,0.25,1.8333333333333333,0.8333333333333334,2.0,0.5833333333333334,0.5833333333333334,0.08333333333333333,3.25,7.333333333333333,0.16666666666666666,0.75,0.5833333333333334,0.25,0.5833333333333334
436,1,5.866666666666666,2.933333333333333,2.2,8.066666666666666,1.4,1.0,0.0,0.8666666666666667,0.13333333333333333,1.8,0.2,2.0,0.6,0.4,0.06666666666666667,3.0,4.866666666666666,0.4666666666666667,1.7333333333333334,1.0,0.0,0.3333333333333333
460,1,8.833333333333334,2.5,8.0,16.833333333333332,0.3333333333333333,0.0,30.333333333333332,3.8333333333333335,0.8333333333333334,3.8333333333333335,5.5,5.166666666666667,2.1666666666666665,2.1666666666666665,0.16666666666666666,10.833333333333334,6.333333333333333,0.5,0.0,3.3333333333333335,0.3333333333333333,0.8333333333333334
463,1,6.454545454545454,3.727272727272727,2.4545454545454546,8.909090909090908,1.0909090909090908,1.0909090909090908,0.0,1.9090909090909092,0.18181818181818182,2.272727272727273,0.45454545454545453,1.3636363636363635,0.45454545454545453,0.36363636363636365,0.09090909090909091,3.727272727272727,5.363636363636363,0.7272727272727273,1.7272727272727273,0.7272727272727273,0.36363636363636365,1.0
466,1,7.333333333333333,4.0,3.4444444444444446,10.777777777777779,1.6666666666666667,1.1111111111111112,1.6666666666666667,1.1111111111111112,0.7777777777777778,0.8888888888888888,0.2222222222222222,2.2222222222222223,0.8888888888888888,0.8888888888888888,0.2222222222222222,4.888888888888889,6.0,1.0,2.2222222222222223,2.0,0.0,0.7777777777777778
470,1,6.083333333333333,2.6666666666666665,1.8333333333333333,7.916666666666667,0.9166666666666666,0.5833333333333334,22.0,2.1666666666666665,0.3333333333333333,1.5,2.1666666666666665,4.166666666666667,1.3333333333333333,2.3333333333333335,0.3333333333333333,5.083333333333333,3.25,0.8333333333333334,0.75,2.4166666666666665,0.0,0.16666666666666666
523,1,11.333333333333334,2.3333333333333335,11.333333333333334,22.666666666666668,0.3333333333333333,0.0,0.0,2.6666666666666665,0.3333333333333333,4.666666666666667,5.0,2.3333333333333335,1.0,0.3333333333333333,1.0,9.666666666666666,13.0,0.0,0.0,0.3333333333333333,0.3333333333333333,0.3333333333333333
538,1,5.2,4.6,6.8,12.0,1.2,0.2,2.6,1.8,0.4,1.0,2.0,1.6,2.0,0.4,0.2,7.4,5.2,1.4,1.2,1.8,0.0,0.4
543,1,5.375,3.0,1.875,7.25,0.5,0.125,0.0,1.75,0.875,1.375,0.125,1.0,0.5,0.25,0.375,2.375,4.875,0.5,0.125,2.625,0.0,0.125
614,1,4.75,2.0,1.0,5.75,1.75,1.0,0.0,0.25,0.0,1.25,0.5,0.75,0.5,0.5,0.25,2.5,3.75,0.25,1.0,0.25,0.25,0.0
